from_regime,0,1,2,3,4,5
0,0.6982456140350877,0.04912280701754386,0.05964912280701754,0.02456140350877193,0.11228070175438597,0.056140350877192984
1,0.16666666666666666,0.28888888888888886,0.13333333333333333,0.17777777777777778,0.03333333333333333,0.2
2,0.07575757575757576,0.09848484848484848,0.4393939393939394,0.2803030303030303,0.06818181818181818,0.03787878787878788
3,0.09482758620689655,0.15517241379310345,0.2672413793103448,0.4224137931034483,0.034482758620689655,0.02586206896551724
4,0.47297297297297297,0.04054054054054054,0.13513513513513514,0.013513513513513514,0.22972972972972974,0.10810810810810811
5,0.25,0.2833333333333333,0.05,0.1,0.15,0.16666666666666666
