from_regime,0,1,2,3,4,5
0,0.0,0.1627906976744186,0.19767441860465113,0.0813953488372093,0.3720930232558139,0.18604651162790695
1,0.23437499999999997,0.0,0.1875,0.25,0.046875,0.28125
2,0.13513513513513514,0.17567567567567569,0.0,0.5,0.12162162162162163,0.06756756756756757
3,0.16417910447761194,0.26865671641791045,0.46268656716417905,0.0,0.05970149253731343,0.04477611940298507
4,0.6140350877192983,0.052631578947368425,0.1754385964912281,0.017543859649122806,0.0,0.14035087719298245
5,0.3,0.33999999999999997,0.06,0.12,0.18,0.0
